{
  "id": "4168009",
  "name": "Sharp_1",
  "font_family": "iconfont",
  "css_prefix_text": "icon-",
  "description": "",
  "glyphs": [
    {
      "icon_id": "1030139",
      "name": "power",
      "font_class": "power",
      "unicode": "e68d",
      "unicode_decimal": 59021
    },
    {
      "icon_id": "1236824",
      "name": "图片",
      "font_class": "10",
      "unicode": "e615",
      "unicode_decimal": 58901
    },
    {
      "icon_id": "2301796",
      "name": "羽毛",
      "font_class": "yanjing-copy",
      "unicode": "e61e",
      "unicode_decimal": 58910
    },
    {
      "icon_id": "2742627",
      "name": "地球",
      "font_class": "diqiu",
      "unicode": "e668",
      "unicode_decimal": 58984
    },
    {
      "icon_id": "4880141",
      "name": "位置",
      "font_class": "weizhi",
      "unicode": "e641",
      "unicode_decimal": 58945
    },
    {
      "icon_id": "7335497",
      "name": "工具箱",
      "font_class": "gongjuxiang",
      "unicode": "eb27",
      "unicode_decimal": 60199
    },
    {
      "icon_id": "12316829",
      "name": "摄像机",
      "font_class": "shexiangji",
      "unicode": "e642",
      "unicode_decimal": 58946
    },
    {
      "icon_id": "15816674",
      "name": "001飞机-2",
      "font_class": "001feiji-2",
      "unicode": "e822",
      "unicode_decimal": 59426
    },
    {
      "icon_id": "31392116",
      "name": "链接",
      "font_class": "lianjie1",
      "unicode": "e6cf",
      "unicode_decimal": 59087
    },
    {
      "icon_id": "446689",
      "name": "上",
      "font_class": "shang1",
      "unicode": "e62a",
      "unicode_decimal": 58922
    },
    {
      "icon_id": "688097",
      "name": "上一首 上一个",
      "font_class": "shangyishoushangyige",
      "unicode": "e78a",
      "unicode_decimal": 59274
    },
    {
      "icon_id": "781798",
      "name": "音量-01",
      "font_class": "yinliang01",
      "unicode": "e729",
      "unicode_decimal": 59177
    },
    {
      "icon_id": "1137818",
      "name": "一起拼单",
      "font_class": "yiqipindan",
      "unicode": "e6a2",
      "unicode_decimal": 59042
    },
    {
      "icon_id": "1256485",
      "name": "右",
      "font_class": "you",
      "unicode": "e60b",
      "unicode_decimal": 58891
    },
    {
      "icon_id": "1305100",
      "name": "云",
      "font_class": "yun",
      "unicode": "e636",
      "unicode_decimal": 58934
    },
    {
      "icon_id": "1690223",
      "name": "music_playlist",
      "font_class": "music_playlist",
      "unicode": "e61c",
      "unicode_decimal": 58908
    },
    {
      "icon_id": "1757306",
      "name": "下载",
      "font_class": "xiazai-copy",
      "unicode": "e614",
      "unicode_decimal": 58900
    },
    {
      "icon_id": "1766323",
      "name": "实物-书",
      "font_class": "shu",
      "unicode": "e68c",
      "unicode_decimal": 59020
    },
    {
      "icon_id": "5273867",
      "name": "下载",
      "font_class": "xiazai",
      "unicode": "e697",
      "unicode_decimal": 59031
    },
    {
      "icon_id": "6265251",
      "name": "菜单栏",
      "font_class": "list2",
      "unicode": "e656",
      "unicode_decimal": 58966
    },
    {
      "icon_id": "6515474",
      "name": "最小",
      "font_class": "zuixiao",
      "unicode": "e60a",
      "unicode_decimal": 58890
    },
    {
      "icon_id": "7687807",
      "name": "左 左",
      "font_class": "zuozuo-",
      "unicode": "e606",
      "unicode_decimal": 58886
    },
    {
      "icon_id": "8205228",
      "name": "鲸云音效(4pt) - 网易icon",
      "font_class": "jingyunyinxiaopt",
      "unicode": "e669",
      "unicode_decimal": 58985
    },
    {
      "icon_id": "8288820",
      "name": "爱心",
      "font_class": "aixin",
      "unicode": "e83f",
      "unicode_decimal": 59455
    },
    {
      "icon_id": "8288959",
      "name": "爱心",
      "font_class": "aixin1",
      "unicode": "e85c",
      "unicode_decimal": 59484
    },
    {
      "icon_id": "8341784",
      "name": "上一首",
      "font_class": "shangyishou",
      "unicode": "e63e",
      "unicode_decimal": 58942
    },
    {
      "icon_id": "8350992",
      "name": "上",
      "font_class": "shang11",
      "unicode": "e60d",
      "unicode_decimal": 58893
    },
    {
      "icon_id": "8855347",
      "name": "写评论",
      "font_class": "xiepinglun",
      "unicode": "e637",
      "unicode_decimal": 58935
    },
    {
      "icon_id": "10060844",
      "name": "排行榜",
      "font_class": "paihangbang",
      "unicode": "e632",
      "unicode_decimal": 58930
    },
    {
      "icon_id": "11538206",
      "name": "声音效果",
      "font_class": "shengyinxiaoguo",
      "unicode": "e640",
      "unicode_decimal": 58944
    },
    {
      "icon_id": "11592722",
      "name": "跟进",
      "font_class": "foller",
      "unicode": "e607",
      "unicode_decimal": 58887
    },
    {
      "icon_id": "11759975",
      "name": "麦克风",
      "font_class": "maikefeng",
      "unicode": "e7c3",
      "unicode_decimal": 59331
    },
    {
      "icon_id": "11880544",
      "name": "左",
      "font_class": "you1",
      "unicode": "e638",
      "unicode_decimal": 58936
    },
    {
      "icon_id": "12745299",
      "name": "播放",
      "font_class": "bofang",
      "unicode": "e633",
      "unicode_decimal": 58931
    },
    {
      "icon_id": "13332695",
      "name": "转发",
      "font_class": "zhuanfa",
      "unicode": "e610",
      "unicode_decimal": 58896
    },
    {
      "icon_id": "14625664",
      "name": "最近采集时间",
      "font_class": "zuijincaijishijian",
      "unicode": "e63a",
      "unicode_decimal": 58938
    },
    {
      "icon_id": "15634352",
      "name": "链接",
      "font_class": "lianjie",
      "unicode": "e6ab",
      "unicode_decimal": 59051
    },
    {
      "icon_id": "16648578",
      "name": "循环",
      "font_class": "xunhuan",
      "unicode": "e61f",
      "unicode_decimal": 58911
    },
    {
      "icon_id": "22654720",
      "name": "音效",
      "font_class": "yinxiao",
      "unicode": "e646",
      "unicode_decimal": 58950
    },
    {
      "icon_id": "26006984",
      "name": "播放",
      "font_class": "bofang1",
      "unicode": "e6e1",
      "unicode_decimal": 59105
    },
    {
      "icon_id": "26525864",
      "name": "下一首",
      "font_class": "next-fill",
      "unicode": "e6bb",
      "unicode_decimal": 59067
    },
    {
      "icon_id": "26525870",
      "name": "下一首",
      "font_class": "next",
      "unicode": "e6bc",
      "unicode_decimal": 59068
    },
    {
      "icon_id": "26847679",
      "name": "知识",
      "font_class": "zhishi",
      "unicode": "e66f",
      "unicode_decimal": 58991
    },
    {
      "icon_id": "28356353",
      "name": "wangyiyun",
      "font_class": "wangyiyun",
      "unicode": "e611",
      "unicode_decimal": 58897
    },
    {
      "icon_id": "29219758",
      "name": "下",
      "font_class": "lower",
      "unicode": "e63b",
      "unicode_decimal": 58939
    },
    {
      "icon_id": "30175716",
      "name": "右 右",
      "font_class": "youyou",
      "unicode": "e612",
      "unicode_decimal": 58898
    },
    {
      "icon_id": "32731469",
      "name": "评论",
      "font_class": "pinglun",
      "unicode": "e749",
      "unicode_decimal": 59209
    },
    {
      "icon_id": "32735894",
      "name": "我的收藏",
      "font_class": "wodeshoucang",
      "unicode": "e798",
      "unicode_decimal": 59288
    },
    {
      "icon_id": "33434022",
      "name": "歌单-copy",
      "font_class": "gedan",
      "unicode": "e613",
      "unicode_decimal": 58899
    },
    {
      "icon_id": "33672160",
      "name": "音效",
      "font_class": "yinxiao1",
      "unicode": "e6b7",
      "unicode_decimal": 59063
    },
    {
      "icon_id": "34055208",
      "name": "tab-电音",
      "font_class": "tab-dianyin",
      "unicode": "e63f",
      "unicode_decimal": 58943
    },
    {
      "icon_id": "562684",
      "name": "Home",
      "font_class": "home",
      "unicode": "e620",
      "unicode_decimal": 58912
    },
    {
      "icon_id": "700853",
      "name": "头像",
      "font_class": "touxiang",
      "unicode": "e655",
      "unicode_decimal": 58965
    },
    {
      "icon_id": "4641123",
      "name": "日程",
      "font_class": "richeng",
      "unicode": "e628",
      "unicode_decimal": 58920
    },
    {
      "icon_id": "5203299",
      "name": "太阳",
      "font_class": "taiyang",
      "unicode": "e635",
      "unicode_decimal": 58933
    },
    {
      "icon_id": "5387527",
      "name": "加号",
      "font_class": "jiahao",
      "unicode": "eaf3",
      "unicode_decimal": 60147
    },
    {
      "icon_id": "7553791",
      "name": "24gl-star",
      "font_class": "24gl-star",
      "unicode": "e8c3",
      "unicode_decimal": 59587
    },
    {
      "icon_id": "18170161",
      "name": "功能,汉堡键,横杠",
      "font_class": "row",
      "unicode": "e976",
      "unicode_decimal": 59766
    },
    {
      "icon_id": "1505847",
      "name": "小鸟",
      "font_class": "icon-test",
      "unicode": "e605",
      "unicode_decimal": 58885
    },
    {
      "icon_id": "907973",
      "name": "积分",
      "font_class": "jifen",
      "unicode": "e62b",
      "unicode_decimal": 58923
    },
    {
      "icon_id": "1727401",
      "name": "43财务-线性",
      "font_class": "caiwu-xianxing",
      "unicode": "e8ae",
      "unicode_decimal": 59566
    },
    {
      "icon_id": "5460560",
      "name": "客服",
      "font_class": "kefu",
      "unicode": "ec2e",
      "unicode_decimal": 60462
    },
    {
      "icon_id": "5875899",
      "name": "乐分市场",
      "font_class": "lefenshichang",
      "unicode": "e60c",
      "unicode_decimal": 58892
    },
    {
      "icon_id": "10593835",
      "name": "用户-角色-用户名-单人_jurassic",
      "font_class": "jurassic_user",
      "unicode": "e6a4",
      "unicode_decimal": 59044
    },
    {
      "icon_id": "5378916",
      "name": "项目",
      "font_class": "xiangmu",
      "unicode": "e653",
      "unicode_decimal": 58963
    },
    {
      "icon_id": "15175188",
      "name": "设备",
      "font_class": "shebei",
      "unicode": "e790",
      "unicode_decimal": 59280
    },
    {
      "icon_id": "16365909",
      "name": "账号中心 账号管理",
      "font_class": "zhanghaozhongxinzhanghaoguanli",
      "unicode": "e6a0",
      "unicode_decimal": 59040
    },
    {
      "icon_id": "22008688",
      "name": "传感器1",
      "font_class": "chuanganqi1",
      "unicode": "e8dd",
      "unicode_decimal": 59613
    },
    {
      "icon_id": "736509",
      "name": "投资",
      "font_class": "touzi",
      "unicode": "e618",
      "unicode_decimal": 58904
    },
    {
      "icon_id": "2674476",
      "name": "客服",
      "font_class": "kefu1",
      "unicode": "e625",
      "unicode_decimal": 58917
    },
    {
      "icon_id": "3875041",
      "name": "会员",
      "font_class": "huiyuan",
      "unicode": "e60e",
      "unicode_decimal": 58894
    },
    {
      "icon_id": "4633285",
      "name": "充值",
      "font_class": "chongzhi",
      "unicode": "e65c",
      "unicode_decimal": 58972
    },
    {
      "icon_id": "7533283",
      "name": "用户",
      "font_class": "yonghu",
      "unicode": "e603",
      "unicode_decimal": 58883
    },
    {
      "icon_id": "7992447",
      "name": "财务",
      "font_class": "caiwu-",
      "unicode": "e608",
      "unicode_decimal": 58888
    },
    {
      "icon_id": "9810487",
      "name": "积分兑换",
      "font_class": "jifenduihuan",
      "unicode": "e631",
      "unicode_decimal": 58929
    },
    {
      "icon_id": "1366",
      "name": "放大",
      "font_class": "fangda",
      "unicode": "e600",
      "unicode_decimal": 58880
    },
    {
      "icon_id": "435991",
      "name": "相册",
      "font_class": "xiangce",
      "unicode": "e7f1",
      "unicode_decimal": 59377
    },
    {
      "icon_id": "842937",
      "name": "表情",
      "font_class": "biaoqing",
      "unicode": "e666",
      "unicode_decimal": 58982
    },
    {
      "icon_id": "997361",
      "name": "添加好友",
      "font_class": "add-friends",
      "unicode": "e61d",
      "unicode_decimal": 58909
    },
    {
      "icon_id": "1215755",
      "name": "加",
      "font_class": "jia",
      "unicode": "e621",
      "unicode_decimal": 58913
    },
    {
      "icon_id": "1304890",
      "name": "搜索",
      "font_class": "sousuo",
      "unicode": "e622",
      "unicode_decimal": 58914
    },
    {
      "icon_id": "1305406",
      "name": "上",
      "font_class": "shang",
      "unicode": "e63c",
      "unicode_decimal": 58940
    },
    {
      "icon_id": "1305407",
      "name": "下",
      "font_class": "xia",
      "unicode": "e63d",
      "unicode_decimal": 58941
    },
    {
      "icon_id": "3267408",
      "name": "收藏",
      "font_class": "shoucang",
      "unicode": "e617",
      "unicode_decimal": 58903
    },
    {
      "icon_id": "3376929",
      "name": "游戏",
      "font_class": "youxi",
      "unicode": "e616",
      "unicode_decimal": 58902
    },
    {
      "icon_id": "3715732",
      "name": "游戏",
      "font_class": "youxi1",
      "unicode": "e60f",
      "unicode_decimal": 58895
    },
    {
      "icon_id": "4885134",
      "name": "主菜单",
      "font_class": "zhucaidan",
      "unicode": "e623",
      "unicode_decimal": 58915
    },
    {
      "icon_id": "5387397",
      "name": "文件夹",
      "font_class": "wenjianjia",
      "unicode": "eac6",
      "unicode_decimal": 60102
    },
    {
      "icon_id": "5699516",
      "name": "QQ",
      "font_class": "QQ",
      "unicode": "e62f",
      "unicode_decimal": 58927
    },
    {
      "icon_id": "5996691",
      "name": "多云",
      "font_class": "weather-2",
      "unicode": "e6e6",
      "unicode_decimal": 59110
    },
    {
      "icon_id": "6756278",
      "name": "QQ空间",
      "font_class": "QQkongjian",
      "unicode": "e604",
      "unicode_decimal": 58884
    },
    {
      "icon_id": "7084886",
      "name": "邮箱",
      "font_class": "youxiang",
      "unicode": "e62e",
      "unicode_decimal": 58926
    },
    {
      "icon_id": "7568824",
      "name": "24gf-bubble",
      "font_class": "24gf-bubble",
      "unicode": "e957",
      "unicode_decimal": 59735
    },
    {
      "icon_id": "7588108",
      "name": "时间",
      "font_class": "shijian",
      "unicode": "e624",
      "unicode_decimal": 58916
    },
    {
      "icon_id": "7594866",
      "name": "24gf-folder3",
      "font_class": "24gf-folder3",
      "unicode": "eac4",
      "unicode_decimal": 60100
    },
    {
      "icon_id": "8818325",
      "name": "键盘",
      "font_class": "jianpan",
      "unicode": "e6c9",
      "unicode_decimal": 59081
    },
    {
      "icon_id": "10564298",
      "name": "gif",
      "font_class": "gif",
      "unicode": "e70d",
      "unicode_decimal": 59149
    },
    {
      "icon_id": "11441203",
      "name": "二维码",
      "font_class": "erweima",
      "unicode": "e634",
      "unicode_decimal": 58932
    },
    {
      "icon_id": "11892970",
      "name": "消息管理",
      "font_class": "xiaoxiguanli",
      "unicode": "e602",
      "unicode_decimal": 58882
    },
    {
      "icon_id": "15778187",
      "name": "应用管理",
      "font_class": "wodeyingyong",
      "unicode": "e65b",
      "unicode_decimal": 58971
    },
    {
      "icon_id": "18170132",
      "name": "铃声,铃铛",
      "font_class": "bell-full",
      "unicode": "e96d",
      "unicode_decimal": 59757
    },
    {
      "icon_id": "18170137",
      "name": "铃声,静音,铃铛",
      "font_class": "bell-off-full",
      "unicode": "e96e",
      "unicode_decimal": 59758
    },
    {
      "icon_id": "21439045",
      "name": "视频电话",
      "font_class": "shipindianhua",
      "unicode": "e61a",
      "unicode_decimal": 58906
    },
    {
      "icon_id": "22334217",
      "name": "剪切",
      "font_class": "jianqie",
      "unicode": "e609",
      "unicode_decimal": 58889
    },
    {
      "icon_id": "24056857",
      "name": "设置",
      "font_class": "shezhi",
      "unicode": "e710",
      "unicode_decimal": 59152
    },
    {
      "icon_id": "24810960",
      "name": "电话",
      "font_class": "dianhua",
      "unicode": "e626",
      "unicode_decimal": 58918
    },
    {
      "icon_id": "27884330",
      "name": "腾讯微云",
      "font_class": "tengxunweiyun",
      "unicode": "e692",
      "unicode_decimal": 59026
    },
    {
      "icon_id": "28601892",
      "name": "三点",
      "font_class": "sandian",
      "unicode": "e792",
      "unicode_decimal": 59282
    },
    {
      "icon_id": "31523381",
      "name": "密码 锁机",
      "font_class": "a-mimasuoji",
      "unicode": "e83b",
      "unicode_decimal": 59451
    },
    {
      "icon_id": "31546626",
      "name": "腾讯文档",
      "font_class": "tengxunwendang",
      "unicode": "e639",
      "unicode_decimal": 58937
    },
    {
      "icon_id": "31938801",
      "name": "特殊装扮",
      "font_class": "teshuzhuangban",
      "unicode": "e627",
      "unicode_decimal": 58919
    },
    {
      "icon_id": "722466",
      "name": "相机",
      "font_class": "xiangji",
      "unicode": "e619",
      "unicode_decimal": 58905
    },
    {
      "icon_id": "1075341",
      "name": "love",
      "font_class": "love",
      "unicode": "e66b",
      "unicode_decimal": 58987
    },
    {
      "icon_id": "1304893",
      "name": "邮件",
      "font_class": "youjian",
      "unicode": "e629",
      "unicode_decimal": 58921
    },
    {
      "icon_id": "1368680",
      "name": "home",
      "font_class": "home1",
      "unicode": "e62c",
      "unicode_decimal": 58924
    },
    {
      "icon_id": "3786916",
      "name": "前置摄像头",
      "font_class": "yanjizhushou-shangchuan_qianzhishexiangtou",
      "unicode": "e630",
      "unicode_decimal": 58928
    },
    {
      "icon_id": "6636113",
      "name": "三横",
      "font_class": "sanheng",
      "unicode": "e601",
      "unicode_decimal": 58881
    },
    {
      "icon_id": "10056213",
      "name": "查询",
      "font_class": "chaxun",
      "unicode": "e6f7",
      "unicode_decimal": 59127
    },
    {
      "icon_id": "12865693",
      "name": "setting",
      "font_class": "setting",
      "unicode": "e6f0",
      "unicode_decimal": 59120
    },
    {
      "icon_id": "14465062",
      "name": "direction-45",
      "font_class": "direction-45",
      "unicode": "e665",
      "unicode_decimal": 58981
    },
    {
      "icon_id": "15838540",
      "name": "time",
      "font_class": "time",
      "unicode": "e680",
      "unicode_decimal": 59008
    },
    {
      "icon_id": "16618094",
      "name": "voice",
      "font_class": "voice",
      "unicode": "e6a1",
      "unicode_decimal": 59041
    },
    {
      "icon_id": "19135779",
      "name": "notification",
      "font_class": "notification",
      "unicode": "e758",
      "unicode_decimal": 59224
    },
    {
      "icon_id": "21561918",
      "name": "大概览",
      "font_class": "dagailan",
      "unicode": "e61b",
      "unicode_decimal": 58907
    },
    {
      "icon_id": "25537633",
      "name": "指南",
      "font_class": "zhinan",
      "unicode": "e7dd",
      "unicode_decimal": 59357
    },
    {
      "icon_id": "27188614",
      "name": "people",
      "font_class": "people",
      "unicode": "e62d",
      "unicode_decimal": 58925
    },
    {
      "icon_id": "29657601",
      "name": "对",
      "font_class": "dui",
      "unicode": "e68b",
      "unicode_decimal": 59019
    }
  ]
}
